{
    "member": 1766931579.3983493,
    "pcb": 1769526637.2867684
}