{
    "member": 1769529726.938576,
    "pcb": 1769526637.2867684
}